ca, fe, ba, be, 00, 00, 00, 34, 00, 13, 0a, 00, 04, 00, 0f, 09 
00, 03, 00, 10, 07, 00, 11, 07, 00, 12, 01, 00, 03, 6e, 75, 6d 
01, 00, 01, 49, 01, 00, 06, 3c, 69, 6e, 69, 74, 3e, 01, 00, 03 
28, 29, 56, 01, 00, 04, 43, 6f, 64, 65, 01, 00, 0f, 4c, 69, 6e 
65, 4e, 75, 6d, 62, 65, 72, 54, 61, 62, 6c, 65, 01, 00, 03, 61 
64, 64, 01, 00, 03, 28, 29, 49, 01, 00, 0a, 53, 6f, 75, 72, 63 
65, 46, 69, 6c, 65, 01, 00, 09, 44, 65, 6d, 6f, 2e, 6a, 61, 76 
61, 0c, 00, 07, 00, 08, 0c, 00, 05, 00, 06, 01, 00, 0e, 63, 68 
61, 70, 74, 65, 72, 31, 38, 2f, 44, 65, 6d, 6f, 01, 00, 10, 6a 
61, 76, 61, 2f, 6c, 61, 6e, 67, 2f, 4f, 62, 6a, 65, 63, 74, 00 
21, 00, 03, 00, 04, 00, 00, 00, 01, 00, 02, 00, 05, 00, 06, 00 
00, 00, 02, 00, 01, 00, 07, 00, 08, 00, 01, 00, 09, 00, 00, 00 
26, 00, 02, 00, 01, 00, 00, 00, 0a, 2a, b7, 00, 01, 2a, 04, b5 
00, 02, b1, 00, 00, 00, 01, 00, 0a, 00, 00, 00, 0a, 00, 02, 00 
00, 00, 03, 00, 04, 00, 04, 00, 01, 00, 0b, 00, 0c, 00, 01, 00 
09, 00, 00, 00, 2b, 00, 03, 00, 01, 00, 00, 00, 0f, 2a, 2a, b4 
00, 02, 05, 60, b5, 00, 02, 2a, b4, 00, 02, ac, 00, 00, 00, 01 
00, 0a, 00, 00, 00, 0a, 00, 02, 00, 00, 00, 07, 00, 0a, 00, 08  
00, 01, 00, 0d, 00, 00, 00, 02, 00, 0e,  